date,base,quote,rate
2026-08-17,USD,AED,3.6725
2026-08-17,USD,AFN,65.203
2026-08-17,USD,ALL,80.08
2026-08-17,USD,AMD,365.71
2026-08-17,USD,ANG,1.79
2026-08-17,USD,AOA,916.44
2026-08-17,USD,ARS,1488.47
2026-08-17,USD,AUD,1.4106
2026-08-17,USD,AWG,1.7888
2026-08-17,USD,AZN,1.6993
2026-08-17,USD,BAM,1.688
2026-08-17,USD,BBD,2.0362
2026-08-17,USD,BDT,122.83
2026-08-17,USD,BHD,0.376
2026-08-17,USD,BIF,2996.36
2026-08-17,USD,BMD,1.0
2026-08-17,USD,BND,1.278
2026-08-17,USD,BOB,11.6209
2026-08-17,USD,BRL,5.205
2026-08-17,USD,BSD,1.012
2026-08-17,USD,BTN,95.47
2026-08-17,USD,BWP,13.3516
2026-08-17,USD,BYN,2.9997
2026-08-17,USD,BZD,2.0358
2026-08-17,USD,CAD,1.3873
2026-08-17,USD,CDF,2269.11
2026-08-17,USD,CHF,0.81131
2026-08-17,USD,CLP,914.42
2026-08-17,USD,CNH,6.7377
2026-08-17,USD,CNY,6.7376
2026-08-17,USD,COP,3134.14
2026-08-17,USD,CRC,449.16
2026-08-17,USD,CUP,24.0
2026-08-17,USD,CVE,95.16
2026-08-17,USD,CZK,20.911
2026-08-17,USD,DJF,176.89
2026-08-17,USD,DKK,6.4572
2026-08-17,USD,DOP,59.561
2026-08-17,USD,DZD,132.8
2026-08-17,USD,EGP,50.236
2026-08-17,USD,ERN,15.2807
2026-08-17,USD,ETB,160.58
2026-08-17,USD,EUR,0.86304
2026-08-17,USD,FJD,2.2174
2026-08-17,USD,FKP,0.73842
2026-08-17,USD,GBP,0.73842
2026-08-17,USD,GEL,2.6106
2026-08-17,USD,GGP,0.73842
2026-08-17,USD,GHS,10.9439
2026-08-17,USD,GIP,0.74681
2026-08-17,USD,GMD,72.596
2026-08-17,USD,GNF,8114
2026-08-17,USD,GTQ,7.6196
2026-08-17,USD,GYD,211.88
2026-08-17,USD,HKD,7.8536
2026-08-17,USD,HNL,26.795
2026-08-17,USD,HTG,130.45
2026-08-17,USD,HUF,313.17
2026-08-17,USD,IDR,17821
2026-08-17,USD,ILS,2.9506
2026-08-17,USD,IMP,0.73842
2026-08-17,USD,INR,95.47
2026-08-17,USD,IQD,1309.0
2026-08-17,USD,IRR,1362773
2026-08-17,USD,ISK,122.79
2026-08-17,USD,JEP,0.73842
2026-08-17,USD,JMD,156.37
2026-08-17,USD,JOD,0.709
2026-08-17,USD,JPY,159.25
2026-08-17,USD,KES,129.12
2026-08-17,USD,KGS,87.45
2026-08-17,USD,KHR,4047.35
2026-08-17,USD,KMF,424.63
2026-08-17,USD,KRW,1413.02
2026-08-17,USD,KWD,0.30761
2026-08-17,USD,KYD,0.83718
2026-08-17,USD,KZT,463.32
2026-08-17,USD,LAK,22465
2026-08-17,USD,LBP,91456
2026-08-17,USD,LKR,331.9
2026-08-17,USD,LRD,181.57
2026-08-17,USD,LSL,16.1662
2026-08-17,USD,LYD,6.3636
2026-08-17,USD,MAD,9.2838
2026-08-17,USD,MDL,17.3012
2026-08-17,USD,MGA,4306.88
2026-08-17,USD,MKD,53.213
2026-08-17,USD,MMK,2097.61
2026-08-17,USD,MNT,3593.91
2026-08-17,USD,MOP,8.0892
2026-08-17,USD,MRO,39.57
2026-08-17,USD,MRU,40.088
2026-08-17,USD,MUR,47.097
2026-08-17,USD,MVR,15.38
2026-08-17,USD,MWK,1736.99
2026-08-17,USD,MXN,17.0109
2026-08-17,USD,MYR,4.0766
2026-08-17,USD,MZN,63.566
2026-08-17,USD,NAD,16.1721
2026-08-17,USD,NGN,1356.48
2026-08-17,USD,NIO,36.752
2026-08-17,USD,NOK,9.4412
2026-08-17,USD,NPR,152.73
2026-08-17,USD,NZD,1.6956
2026-08-17,USD,OMR,0.3845
2026-08-17,USD,PAB,0.99882
2026-08-17,USD,PEN,3.3609
2026-08-17,USD,PGK,4.4256
2026-08-17,USD,PHP,61.446
2026-08-17,USD,PKR,278.4
2026-08-17,USD,PLN,3.7207
2026-08-17,USD,PYG,6019
2026-08-17,USD,QAR,3.64
2026-08-17,USD,RON,4.5275
2026-08-17,USD,RSD,101.46
2026-08-17,USD,RUB,84.27
2026-08-17,USD,RWF,1469.83
2026-08-17,USD,SAR,3.75
2026-08-17,USD,SBD,8.0172
2026-08-17,USD,SCR,14.3611
2026-08-17,USD,SDG,599.82
2026-08-17,USD,SEK,9.5082
2026-08-17,USD,SGD,1.278
2026-08-17,USD,SHP,0.73842
2026-08-17,USD,SLE,24.414
2026-08-17,USD,SOS,570.76
2026-08-17,USD,SRD,37.867
2026-08-17,USD,SSP,5441
2026-08-17,USD,STN,21.193
2026-08-17,USD,SVC,8.7413
2026-08-17,USD,SYP,121.94
2026-08-17,USD,SZL,16.1591
2026-08-17,USD,THB,33.073
2026-08-17,USD,TJS,9.2385
2026-08-17,USD,TMT,3.5
2026-08-17,USD,TND,2.9209
2026-08-17,USD,TOP,2.3631
2026-08-17,USD,TRY,47.882
2026-08-17,USD,TTD,6.7335
2026-08-17,USD,TWD,31.927
2026-08-17,USD,TZS,2641.48
2026-08-17,USD,UAH,44.707
2026-08-17,USD,UGX,3711.19
2026-08-17,USD,USD,1.0
2026-08-17,USD,UYU,40.247
2026-08-17,USD,UZS,11911
2026-08-17,USD,VES,768.85
2026-08-17,USD,VND,26104
2026-08-17,USD,VUV,117.08
2026-08-17,USD,WST,2.7123
2026-08-17,USD,XAF,566.12
2026-08-17,USD,XAG,0.01537
2026-08-17,USD,XAU,0.00023
2026-08-17,USD,XCD,2.7467
2026-08-17,USD,XCG,1.7912
2026-08-17,USD,XDR,0.73125
2026-08-17,USD,XOF,566.12
2026-08-17,USD,XPD,0.00074
2026-08-17,USD,XPF,102.95
2026-08-17,USD,XPT,0.00057
2026-08-17,USD,YER,236.99
2026-08-17,USD,ZAR,16.1518
2026-08-17,USD,ZMW,18.821
2026-08-17,USD,ZWG,26.632
